
--drop table PROGRESS
--drop table STUDENT
--drop table GROUPS
--drop table SUBJECT
--drop table TEACHER
--drop table  PULPIT
--drop table PROFESSION
--drop table FACULTY
--drop table AUDITORIUM 
--drop table AUDITORIUM_TYPE  

--drop database S_UNIVER

use master  
go
create database S_UNIVER
on primary
( name = N'S_UNIVER_mdf', filename = N'C:\UNIVER\S_UNIVER_mdf.mdf', 
   size = 5Mb, maxsize=10Mb, filegrowth=1Mb),
( name = N'S_UNIVER_ndf', filename = N'C:\UNIVER\S_UNIVER_ndf.ndf', 
   size = 5Mb, maxsize=10Mb, filegrowth=10%),
filegroup G1
( name = N'S_UNIVER11_ndf', filename = N'C:\UNIVER\S_UNIVER11_ndf.ndf', 
   size = 10Mb, maxsize=15Mb, filegrowth=1Mb),
( name = N'S_UNIVER12_ndf', filename = N'C:\UNIVER\S_UNIVER12_ndf.ndf', 
   size = 2Mb, maxsize=5Mb, filegrowth=1Mb),
filegroup G2
( name = N'S_UNIVER21_ndf', filename = N'C:\UNIVER\S_UNIVER21_ndf.ndf', 
   size = 5Mb, maxsize=10Mb, filegrowth=1Mb),
( name = N'S_UNIVER22_ndf', filename = N'C:\UNIVER\S_UNIVER22_ndf.ndf', 
   size = 2Mb, maxsize=5Mb, filegrowth=1Mb)
log on
( name = N'S_UNIVER_log', filename=N'C:\UNIVER\S_UNIVER_log.ldf',       
   size=5Mb,  maxsize=UNLIMITED, filegrowth=1Mb)

------------Создание и заполнение таблицы AUDITORIUM_TYPE 
go
use S_UNIVER
create table AUDITORIUM_TYPE 
(    AUDITORIUM_TYPE  char(10) constraint AUDITORIUM_TYPE_PK  primary key,  
      AUDITORIUM_TYPENAME  varchar(30)       
 )

insert into AUDITORIUM_TYPE   (AUDITORIUM_TYPE,  AUDITORIUM_TYPENAME )        values ('ЛК',            'Лекционная');
insert into AUDITORIUM_TYPE   (AUDITORIUM_TYPE,  AUDITORIUM_TYPENAME )         values ('ЛБ-К',          'Компьютерный класс');
insert into AUDITORIUM_TYPE   (AUDITORIUM_TYPE, AUDITORIUM_TYPENAME )         values ('ЛК-К',          'Лекционная с уст. проектором');
insert into AUDITORIUM_TYPE   (AUDITORIUM_TYPE,  AUDITORIUM_TYPENAME )          values  ('ЛБ-X',          'Химическая лаборатория');
insert into AUDITORIUM_TYPE   (AUDITORIUM_TYPE, AUDITORIUM_TYPENAME )        values  ('ЛБ-СК',   'Спец. компьютерный класс');
                      

-------------Создание и заполнение таблицы AUDITORIUM  
  create table AUDITORIUM 
(   AUDITORIUM   char(20)  constraint AUDITORIUM_PK  primary key,              
    AUDITORIUM_TYPE     char(10) constraint  AUDITORIUM_AUDITORIUM_TYPE_FK foreign key         
                      references AUDITORIUM_TYPE(AUDITORIUM_TYPE), 
   AUDITORIUM_CAPACITY  integer constraint  AUDITORIUM_CAPACITY_CHECK default 1  check (AUDITORIUM_CAPACITY between 1 and 300),  -- вместимость 
   AUDITORIUM_NAME      varchar(50)                                     
)
on G2;
insert into  AUDITORIUM   (AUDITORIUM, AUDITORIUM_NAME,  
 AUDITORIUM_TYPE, AUDITORIUM_CAPACITY)   
values  ('206-1', '206-1','ЛБ-К', 15);
insert into  AUDITORIUM   (AUDITORIUM,   AUDITORIUM_NAME, 
AUDITORIUM_TYPE, AUDITORIUM_CAPACITY) 
values  ('301-1',   '301-1', 'ЛБ-К', 15);
insert into  AUDITORIUM   (AUDITORIUM,   AUDITORIUM_NAME, 
AUDITORIUM_TYPE, AUDITORIUM_CAPACITY )   
values  ('236-1',   '236-1', 'ЛК',   60);
insert into  AUDITORIUM   (AUDITORIUM,   AUDITORIUM_NAME, 
AUDITORIUM_TYPE, AUDITORIUM_CAPACITY )  
values  ('313-1',   '313-1', 'ЛК-К',   60);
insert into  AUDITORIUM   (AUDITORIUM,   AUDITORIUM_NAME, 
AUDITORIUM_TYPE, AUDITORIUM_CAPACITY )  
values  ('324-1',   '324-1', 'ЛК-К',   50);
insert into  AUDITORIUM   (AUDITORIUM,   AUDITORIUM_NAME, 
AUDITORIUM_TYPE, AUDITORIUM_CAPACITY )   
 values  ('413-1',   '413-1', 'ЛБ-К', 15);
insert into  AUDITORIUM   (AUDITORIUM,   AUDITORIUM_NAME, 
AUDITORIUM_TYPE, AUDITORIUM_CAPACITY ) 
values  ('423-1',   '423-1', 'ЛБ-К', 90);
insert into  AUDITORIUM   (AUDITORIUM,   AUDITORIUM_NAME, 
AUDITORIUM_TYPE, AUDITORIUM_CAPACITY )     
values  ('408-2',   '408-2', 'ЛК',  90);

  ------Создание и заполнение таблицы FACULTY
  create table FACULTY
  (    FACULTY      char(10)   constraint  FACULTY_PK primary key,
       FACULTY_NAME  varchar(50) default '???'
  );
insert into FACULTY   (FACULTY,   FACULTY_NAME )
            values  ('ХТиТ',   'Химическая технология и техника');
insert into FACULTY   (FACULTY,   FACULTY_NAME )
            values  ('ЛХФ',     'Лесохозяйственный факультет');
insert into FACULTY   (FACULTY,   FACULTY_NAME )
            values  ('ИЭФ',     'Инженерно-экономический факультет');
insert into FACULTY   (FACULTY,   FACULTY_NAME )
            values  ('ТТЛП',    'Технология и техника лесной промышленности');
insert into FACULTY   (FACULTY,   FACULTY_NAME )
            values  ('ТОВ',     'Технология органических веществ');
insert into FACULTY   (FACULTY,   FACULTY_NAME )
            values  ('ИТ',     'Факультет информационных технологий');  
------Создание и заполнение таблицы PROFESSION
   create table PROFESSION
  (   PROFESSION   char(20) constraint PROFESSION_PK  primary key,
       FACULTY    char(10) constraint PROFESSION_FACULTY_FK foreign key 
                            references FACULTY(FACULTY),
       PROFESSION_NAME varchar(100),    QUALIFICATION   varchar(50)  
  );  



 insert into PROFESSION(FACULTY, PROFESSION,  PROFESSION_NAME, QUALIFICATION)  values    ('ХТиТ',  '1-36 01 08',    'Конструирование и производство изделий из композиционных материалов', 'инженер-механик' );
 insert into PROFESSION(FACULTY, PROFESSION,  PROFESSION_NAME, QUALIFICATION)      values    ('ХТиТ',  '1-36 07 01',  'Машины и аппараты химических производств и предприятий строительных материалов', 'инженер-механик' );
 insert into PROFESSION(FACULTY, PROFESSION, PROFESSION_NAME, QUALIFICATION)  values    ('ЛХФ',  '1-75 01 01',      'Лесное хозяйство', 'инженер лесного хозяйства' );
 insert into PROFESSION(FACULTY, PROFESSION,  PROFESSION_NAME, QUALIFICATION)   values    ('ЛХФ',  '1-75 02 01',   'Садово-парковое строительство', 'инженер садово-паркового строительства' );
 insert into PROFESSION(FACULTY, PROFESSION,     PROFESSION_NAME, QUALIFICATION)   values    ('ЛХФ',  '1-89 02 02',     'Туризм и природопользование', 'специалист в сфере туризма' );
 insert into PROFESSION(FACULTY, PROFESSION, PROFESSION_NAME, QUALIFICATION)  values    ('ИЭФ',  '1-25 01 07',  'Экономика и управление на предприятии', 'экономист-менеджер' );
 insert into PROFESSION(FACULTY, PROFESSION,  PROFESSION_NAME, QUALIFICATION)      values    ('ИЭФ',  '1-25 01 08',    'Бухгалтерский учет, анализ и аудит', 'экономист' );                      
 insert into PROFESSION(FACULTY, PROFESSION,     PROFESSION_NAME, QUALIFICATION)  values    ('ТТЛП',  '1-36 05 01',   'Машины и оборудование лесного комплекса', 'инженер-механик' );
 insert into PROFESSION(FACULTY, PROFESSION,   PROFESSION_NAME, QUALIFICATION)   values    ('ТТЛП',  '1-46 01 01',      'Лесоинженерное дело', 'инженер-технолог' );
 insert into PROFESSION(FACULTY, PROFESSION,     PROFESSION_NAME, QUALIFICATION)      values    ('ТОВ',  '1-48 01 02',  'Химическая технология органических веществ, материалов и изделий', 'инженер-химик-технолог' );                
 insert into PROFESSION(FACULTY, PROFESSION,   PROFESSION_NAME, QUALIFICATION)    values    ('ТОВ',  '1-48 01 05',    'Химическая технология переработки древесины', 'инженер-химик-технолог' ); 
 insert into PROFESSION(FACULTY, PROFESSION,    PROFESSION_NAME, QUALIFICATION)  values    ('ТОВ',  '1-54 01 03',   'Физико-химические методы и приборы контроля качества продукции', 'инженер по сертификации' ); 



------Создание и заполнение таблицы PULPIT
  create table  PULPIT 
(   PULPIT   char(20)  constraint PULPIT_PK  primary key,
    PULPIT_NAME  varchar(100), 
    FACULTY   char(10)   constraint PULPIT_FACULTY_FK foreign key 
                         references FACULTY(FACULTY) 
)
on G1;
insert into PULPIT   (PULPIT, PULPIT_NAME, FACULTY )
values  ('ИСиТ', 'Информационных систем и технологий ','ИТ'  )








insert into PULPIT   (PULPIT, PULPIT_NAME, FACULTY)
    values  ('ЛВ', 'Лесоводства','ЛХФ')          
insert into PULPIT   (PULPIT, PULPIT_NAME, FACULTY)
   values  ('ЛУ', 'Лесоустройства','ЛХФ')           
insert into PULPIT   (PULPIT, PULPIT_NAME, FACULTY)
  values  ('ЛЗиДВ', 'Лесозащиты и древесиноведения','ЛХФ')                
insert into PULPIT   (PULPIT,  PULPIT_NAME, FACULTY)
   values  ('ЛКиП', 'Лесных культур и почвоведения','ЛХФ') 
insert into PULPIT   (PULPIT,  PULPIT_NAME, FACULTY)
   values  ('ТиП', 'Туризма и природопользования','ЛХФ')              
insert into PULPIT   (PULPIT, PULPIT_NAME, FACULTY)
   values  ('ЛПиСПС','Ландшафтного проектирования и садово-паркового строительства','ЛХФ')          
insert into PULPIT   (PULPIT, PULPIT_NAME, FACULTY)
   values  ('ТЛ', 'Транспорта леса', 'ТТЛП')                          
insert into PULPIT   (PULPIT, PULPIT_NAME, FACULTY)
   values  ('ЛМиЛЗ','Лесных машин и технологии лесозаготовок','ТТЛП')  
insert into PULPIT   (PULPIT, PULPIT_NAME, FACULTY)
   values  ('ТДП','Технологий деревообрабатывающих производств', 'ТТЛП')   
insert into PULPIT   (PULPIT, PULPIT_NAME, FACULTY)
values  ('ТиДИД','Технологии и дизайна изделий из древесины','ТТЛП')    
insert into PULPIT   (PULPIT, PULPIT_NAME, FACULTY)
values  ('ОХ', 'Органической химии','ТОВ') 
insert into PULPIT   (PULPIT, PULPIT_NAME, FACULTY)
 values  ('ХПД','Химической переработки древесины','ТОВ')             
insert into PULPIT   (PULPIT, PULPIT_NAME, FACULTY)
 values  ('ТНВиОХТ','Технологии неорганических веществ и общей химической технологии ','ХТиТ') 
insert into PULPIT   (PULPIT, PULPIT_NAME, FACULTY)
    values  ('ПиАХП','Процессов и аппаратов химических производств','ХТиТ')                                               
insert into PULPIT   (PULPIT,    PULPIT_NAME, FACULTY)
values  ('ЭТиМ',    'Экономической теории и маркетинга','ИЭФ')   
insert into PULPIT   (PULPIT,    PULPIT_NAME, FACULTY)
  values  ('МиЭП',   'Менеджмента и экономики природопользования','ИЭФ')   
insert into PULPIT   (PULPIT,    PULPIT_NAME, FACULTY)
   values  ('СБУАиА', 'Статистики, бухгалтерского учета, анализа и аудита', 'ИЭФ')     
             
------Создание и заполнение таблицы TEACHER
 create table TEACHER
 (   TEACHER    char(10)  constraint TEACHER_PK  primary key,
     TEACHER_NAME  varchar(100), 
     GENDER     char(1) CHECK (GENDER in ('м', 'ж')),
     PULPIT   char(20) constraint TEACHER_PULPIT_FK foreign key 
                         references PULPIT(PULPIT) 
 )
 on G1;
insert into  TEACHER    (TEACHER,   TEACHER_NAME, GENDER, PULPIT )
                       values  ('СМЛВ',    'Смелов Владимир Владиславович', 'м',  'ИСиТ');
insert into  TEACHER    (TEACHER,  TEACHER_NAME, GENDER, PULPIT )
                       values  ('АКНВЧ',    'Акунович Станислав Иванович', 'м', 'ИСиТ');
insert into  TEACHER    (TEACHER,  TEACHER_NAME, GENDER, PULPIT )
                       values  ('КЛСНВ',    'Колесников Виталий Леонидович', 'м', 'ИСиТ');
insert into  TEACHER    (TEACHER,  TEACHER_NAME, GENDER, PULPIT )
                       values  ('БРКВЧ',    'Бракович Андрей Игоревич', 'м', 'ИСиТ');
insert into  TEACHER    (TEACHER,  TEACHER_NAME, GENDER, PULPIT )
                       values  ('ДТК',     'Дятко Александр Аркадьевич', 'м', 'ИСиТ');
insert into  TEACHER    (TEACHER,  TEACHER_NAME, GENDER, PULPIT )
                       values  ('УРБ',     'Урбанович Павел Павлович', 'м', 'ИСиТ');
insert into  TEACHER    (TEACHER,  TEACHER_NAME, GENDER, PULPIT )
                      values  ('ГРН',     'Гурин Николай Иванович', 'м', 'ИСиТ');
insert into  TEACHER    (TEACHER,  TEACHER_NAME, GENDER, PULPIT )
                       values  ('ЖЛК',     'Жиляк Надежда Александровна',  'ж', 'ИСиТ');                     
insert into  TEACHER    (TEACHER,  TEACHER_NAME, GENDER, PULPIT )
                       values  ('МРЗ',     'Мороз Елена Станиславовна',  'ж',   'ИСиТ');                                                                                           

insert into  TEACHER  values  ('БРТШВЧ',   'Барташевич Святослав Александрович', 'м','ПОиСОИ');

insert into  TEACHER    values  ('АРС',     'Арсентьев Виталий Арсентьевич', 'м', 'ПОиСОИ');                       
insert into  TEACHER    (TEACHER,  TEACHER_NAME,GENDER, PULPIT )
                       values  ('БРНВСК',   'Барановский Станислав Иванович', 'м', 'ЭТиМ');
insert into  TEACHER    (TEACHER,  TEACHER_NAME, GENDER, PULPIT )
                       values  ('НВРВ',   'Неверов Александр Васильевич', 'м', 'МиЭП');
insert into  TEACHER    (TEACHER,  TEACHER_NAME, GENDER, PULPIT )
                       values  ('РВКЧ',   'Ровкач Андрей Иванович', 'м', 'ЛВ');
insert into  TEACHER    (TEACHER,  TEACHER_NAME, GENDER, PULPIT )
                       values  ('ДМДК', 'Демидко Марина Николаевна',  'ж',  'ЛПиСПС');
insert into  TEACHER    (TEACHER,  TEACHER_NAME, GENDER, PULPIT )
                       values  ('БРГ',     'Бурганская Татьяна Минаевна', 'ж', 'ЛПиСПС');
insert into  TEACHER    (TEACHER,  TEACHER_NAME, GENDER, PULPIT )
                       values  ('РЖК',   'Рожков Леонид Николаевич ', 'м', 'ЛВ');                      
insert into  TEACHER    (TEACHER,  TEACHER_NAME, GENDER, PULPIT )
                       values  ('ЗВГЦВ',   'Звягинцев Вячеслав Борисович', 'м', 'ЛЗиДВ'); 
insert into  TEACHER    (TEACHER,  TEACHER_NAME, GENDER, PULPIT )
                       values  ('БЗБРДВ',   'Безбородов Владимир Степанович', 'м', 'ОХ'); 
insert into  TEACHER    (TEACHER,  TEACHER_NAME, GENDER, PULPIT )
                       values  ('НСКВЦ',   'Насковец Михаил Трофимович', 'м', 'ТЛ'); 
	
	
------Создание и заполнение таблицы SUBJECT
create table SUBJECT
    (     SUBJECT  char(10) constraint SUBJECT_PK  primary key, 
           SUBJECT_NAME varchar(100) unique,
           PULPIT  char(20) constraint SUBJECT_PULPIT_FK foreign key 
                         references PULPIT(PULPIT)   
     )
	 on G1;
 insert into SUBJECT   (SUBJECT,   SUBJECT_NAME, PULPIT )
                       values ('СУБД',   'Системы управления базами данных', 'ИСиТ');
insert into SUBJECT   (SUBJECT,   SUBJECT_NAME,  PULPIT)
                       values ('БД',     'Базы данных','ИСиТ');
insert into SUBJECT   (SUBJECT,   SUBJECT_NAME,  PULPIT )
                       values ('ИНФ',    'Информационные технологии','ИСиТ');
insert into SUBJECT   (SUBJECT,   SUBJECT_NAME,  PULPIT )
                       values ('ОАиП',  'Основы алгоритмизации и программирования', 'ИСиТ');
insert into SUBJECT   (SUBJECT,   SUBJECT_NAME,  PULPIT )
                       values ('ПЗ',     'Представление знаний в компьютерных системах', 'ИСиТ');
insert into SUBJECT   (SUBJECT,   SUBJECT_NAME,  PULPIT )
                       values ('ПСП',    'Программирование сетевых приложений', 'ИСиТ');
insert into SUBJECT   (SUBJECT,   SUBJECT_NAME,  PULPIT )
                       values ('МСОИ',  'Моделирование систем обработки информации', 'ИСиТ');
insert into SUBJECT   (SUBJECT,   SUBJECT_NAME,  PULPIT )
                       values ('ПИС',     'Проектирование информационных систем', 'ИСиТ');
insert into SUBJECT   (SUBJECT,   SUBJECT_NAME,  PULPIT )
                       values ('КГ',      'Компьютерная геометрия ','ИСиТ');

insert into SUBJECT  values ('ПМАПЛ',   'Полиграф. машины, автоматы и поточные линии', 'ПОиСОИ');
insert into SUBJECT   (SUBJECT,   SUBJECT_NAME,  PULPIT )
                       values ('КМС',     'Компьютерные мультимедийные системы', 'ИСиТ');

insert into SUBJECT   values ('ОПП',     'Организация полиграф. производства', 'ПОиСОИ');
insert into SUBJECT   (SUBJECT,   SUBJECT_NAME, PULPIT)
                       values ('ДМ',   'Дискретная математика', 'ИСиТ');
insert into SUBJECT   (SUBJECT,   SUBJECT_NAME,PULPIT )
                      values ('МП',   'Математическое программирование','ИСиТ');  
insert into SUBJECT   (SUBJECT,   SUBJECT_NAME, PULPIT )
               values ('ЛЭВМ', 'Логические основы ЭВМ',  'ИСиТ');                   
insert into SUBJECT   (SUBJECT,   SUBJECT_NAME,PULPIT )
               values ('ООП',  'Объектно-ориентированное программирование', 'ИСиТ');
insert into SUBJECT   (SUBJECT,   SUBJECT_NAME, PULPIT )
                       values ('ЭП', 'Экономика природопользования','МиЭП')
insert into SUBJECT   (SUBJECT,   SUBJECT_NAME, PULPIT )
                       values ('ЭТ', 'Экономическая теория','ЭТиМ')

insert into SUBJECT   values ('БЛЗиПсOO','Биология лесных зверей и птиц с осн. охотов.','ОВ')
insert into SUBJECT   (SUBJECT,   SUBJECT_NAME, PULPIT )
                       values ('ОСПиЛПХ','Основы садово-паркового и лесопаркового хозяйства',  'ЛПиСПС')
insert into SUBJECT   (SUBJECT,   SUBJECT_NAME,PULPIT )
                       values ('ИГ', 'Инженерная геодезия ','ЛУ')
insert into SUBJECT   (SUBJECT,   SUBJECT_NAME,PULPIT )
                       values ('ЛВ',    'Лесоводство', 'ЛЗиДВ') 
insert into SUBJECT   (SUBJECT,   SUBJECT_NAME, PULPIT )
                       values ('ОХ',    'Органическая химия', 'ОХ')   

insert into SUBJECT    values ('ТРИ',    'Технология резиновых изделий','ТНХСиППМ') 
insert into SUBJECT   (SUBJECT,   SUBJECT_NAME, PULPIT )
                       values ('ВТЛ',    'Водный транспорт леса','ТЛ')
insert into SUBJECT   (SUBJECT,   SUBJECT_NAME,PULPIT )
                       values ('ТиОЛ',   'Технология и оборудование лесозаготовок', 'ЛМиЛЗ') 
insert into SUBJECT   (SUBJECT,   SUBJECT_NAME,PULPIT )
                       values ('ТОПИ',   'Технология обогащения полезных ископаемых ','ТНВиОХТ')

   insert into SUBJECT     values ('ПЭХ',    'Прикладная электрохимия','ХТЭПиМЭЕ')                                                                                                                                                           
  
------Создание и заполнение таблицы GROUPS
create table GROUPS 
(   IDGROUP  integer  identity(1,1) constraint GROUP_PK  primary key,              
    FACULTY   char(10) constraint  GROUPS_FACULTY_FK foreign key         
                                                         references FACULTY(FACULTY), 
     PROFESSION  char(20) constraint  GROUPS_PROFESSION_FK foreign key         
                                                         references PROFESSION(PROFESSION),
    YEAR_FIRST  smallint  check (YEAR_FIRST<=YEAR(GETDATE())),                  
  );

insert into GROUPS values ('ИДиП','1-40 01 02', 2013) --1
 insert into GROUPS values                ('ИДиП','1-40 01 02', 2012)
  insert into GROUPS values               ('ИДиП','1-40 01 02', 2011)
  insert into GROUPS values               ('ИДиП','1-40 01 02', 2010)
  insert into GROUPS values               ('ИДиП','1-47 01 01', 2013)---5 гр
  insert into GROUPS values               ('ИДиП','1-47 01 01', 2012)
   insert into GROUPS values              ('ИДиП','1-47 01 01', 2011)
  insert into GROUPS values               ('ИДиП','1-36 06 01', 2010)-----8 гр
    insert into GROUPS values             ('ИДиП','1-36 06 01', 2013)
  insert into GROUPS values               ('ИДиП','1-36 06 01', 2012)
   insert into GROUPS values              ('ИДиП','1-36 06 01', 2011)
    insert into GROUPS values             ('ХТиТ','1-36 01 08', 2013)---12 гр                                                  
    insert into GROUPS values             ('ХТиТ','1-36 01 08', 2012)
   insert into GROUPS values              ('ХТиТ','1-36 07 01', 2011)
   insert into GROUPS values              ('ХТиТ','1-36 07 01', 2010)
   insert into GROUPS values              ('ТОВ','1-48 01 02', 2012) ---16 гр 
   insert into GROUPS values              ('ТОВ','1-48 01 02', 2011)
   insert into GROUPS values              ('ТОВ','1-48 01 05', 2013)
   insert into GROUPS values              ('ТОВ','1-54 01 03', 2012)
    insert into GROUPS values             ('ЛХФ','1-75 01 01', 2013)--20 гр      
    insert into GROUPS values             ('ЛХФ','1-75 02 01', 2012)
   insert into GROUPS values              ('ЛХФ','1-75 02 01', 2011)
      insert into GROUPS values           ('ЛХФ','1-89 02 02', 2012)
   insert into GROUPS values              ('ЛХФ','1-89 02 02', 2011) 
     insert into GROUPS values            ('ТТЛП','1-36 05 01', 2013)
     insert into GROUPS values            ('ТТЛП','1-36 05 01', 2012)
    insert into GROUPS values             ('ТТЛП','1-46 01 01', 2012)--27 гр
     insert into GROUPS values            ('ИЭФ','1-25 01 07', 2013)
     insert into GROUPS values            ('ИЭФ','1-25 01 07', 2012)     
      insert into GROUPS values           ('ИЭФ','1-25 01 07', 2010)
      insert into GROUPS values           ('ИЭФ','1-25 01 08', 2013)
       insert into GROUPS values          ('ИЭФ','1-25 01 08', 2012) ---32 гр       
                          
------Создание и заполнение таблицы STUDENT
create table STUDENT 
(    IDSTUDENT   integer  identity(1000,1) constraint STUDENT_PK  primary key,
      IDGROUP   integer  constraint STUDENT_GROUP_FK foreign key         
                      references GROUPS(IDGROUP),        
      NAME   nvarchar(100), 
      BDAY   date,
      --STAMP  timestamp,
      --INFO     xml,
      --FOTO     varbinary
 ) 

    --insert into STUDENT  values (12, 'Хартанович Екатерина Александровна', '11.03.1995')        
    --insert into STUDENT  values       (12, 'Горбач Елизавета Юрьевна',    '07.12.1995')
    -- insert into STUDENT  values       (12, 'Зыкова Кристина Дмитриевна',  '12.10.1995')
    --insert into STUDENT  values        (12, 'Шенец Екатерина Сергеевна',   '08.01.1995')
    --insert into STUDENT  values        (12, 'Шитик Алина Игоревна',  '02.08.1995')       

  insert into STUDENT  values          (13, 'Сергель Виолетта Николаевна',    '06.03.1994')
insert into STUDENT  values (13, 'Добродей Ольга Анатольевна',     '09.11.1994')
 insert into STUDENT  values           (13, 'Подоляк Мария Сергеевна',        '04.10.1994')
 insert into STUDENT  values           (13, 'Никитенко Екатерина Дмитриевна', '08.01.1994')
 insert into STUDENT  values           (13, 'Яцкевич Галина Иосифовна',       '02.08.1993')
  insert into STUDENT  values          (13, 'Осадчая Эла Васильевна',         '07.12.1993')
   insert into STUDENT  values         (13, 'Акулова Елена Геннадьевна',      '02.12.1993')
   insert into STUDENT  values         (14, 'Плешкун Милана Анатольевна',     '08.03.1992')
 insert into STUDENT  values           (14, 'Буянова Мария Александровна',    '02.06.1992')
   insert into STUDENT  values         (14, 'Харченко Елена Геннадьевна',     '11.12.1992')
   insert into STUDENT  values         (14, 'Крученок Евгений Александрович', '11.05.1992')
   insert into STUDENT  values         (14, 'Бороховский Виталий Петрович',   '09.11.1992')
   insert into STUDENT  values         (14, 'Мацкевич Надежда Валерьевна',    '01.11.1992')
   insert into STUDENT  values         (15, 'Логинова Мария Вячеславовна',    '08.07.1995')
  insert into STUDENT  values          (15, 'Белько Наталья Николаевна',      '02.11.1995')
   insert into STUDENT  values         (15, 'Селило Екатерина Геннадьевна',   '07.05.1995')
 insert into STUDENT  values           (15, 'Дрозд Анастасия Андреевна',      '04.08.1995')
    insert into STUDENT  values        (16, 'Козловская Елена Евгеньевна',    '08.11.1994')
   insert into STUDENT  values         (16, 'Потапнин Кирилл Олегович',       '02.03.1994')
  insert into STUDENT  values          (16, 'Равковская Ольга Николаевна',    '04.06.1994')
  insert into STUDENT  values          (16, 'Ходоронок Александра Вадимовна', '09.11.1994')
   insert into STUDENT  values         (16, 'Рамук Владислав Юрьевич',        '04.07.1994')
   insert into STUDENT  values         (17, 'Неруганенок Мария Владимировна', '03.01.1993')
  insert into STUDENT  values          (17, 'Цыганок Анна Петровна',          '12.09.1993')
   insert into STUDENT  values         (17, 'Масилевич Оксана Игоревна',      '12.06.1993')
    insert into STUDENT  values        (17, 'Алексиевич Елизавета Викторовна','09.02.1993')
   insert into STUDENT  values         (17, 'Ватолин Максим Андреевич',       '04.07.1993')
    insert into STUDENT  values        (18, 'Синица Валерия Андреевна',       '08.01.1992')
    insert into STUDENT  values        (18, 'Кудряшова Алина Николаевна',     '12.05.1992')
    insert into STUDENT  values        (18, 'Мигулина Елена Леонидовна',      '08.11.1992')
     insert into STUDENT  values       (18, 'Шпиленя Алексей Сергеевич',      '12.03.1992')
     insert into STUDENT  values       (19, 'Астафьев Игорь Александрович',   '10.08.1995')
    insert into STUDENT  values        (19, 'Гайтюкевич Андрей Игоревич',     '02.05.1995')
    insert into STUDENT  values        (19, 'Рученя Наталья Александровна',   '08.01.1995')
   insert into STUDENT  values         (19, 'Тарасевич Анастасия Ивановна',   '11.09.1995')
    insert into STUDENT  values        (20, 'Жоглин Николай Владимирович',   '08.01.1994')
     insert into STUDENT  values       (20, 'Санько Андрей Дмитриевич',      '11.09.1994')
   insert into STUDENT  values         (20, 'Пещур Анна Александровна',      '06.04.1994')
  insert into STUDENT  values          (20, 'Бучалис Никита Леонидович',     '12.08.1994')

insert into STUDENT    values (21, 'Лавренчук Владислав Николаевич','07.11.1993')
   insert into STUDENT  values         (21, 'Власик Евгения Викторовна',     '04.06.1993')
 insert into STUDENT  values           (21, 'Абрамов Денис Дмитриевич',      '10.12.1993')
   insert into STUDENT  values         (21, 'Оленчик Сергей Николаевич',     '04.07.1993')
   insert into STUDENT  values         (21, 'Савинко Павел Андреевич',       '08.01.1993')
    insert into STUDENT  values        (21, 'Бакун Алексей Викторович',      '02.09.1993')
   insert into STUDENT  values         (22, 'Бань Сергей Анатольевич',       '11.12.1995')
   insert into STUDENT  values         (22, 'Сечейко Илья Александрович',    '10.06.1995')
    insert into STUDENT  values        (22, 'Кузмичева Анна Андреевна',      '09.08.1995')
    insert into STUDENT  values        (22, 'Бурко Диана Францевна',         '04.07.1995')
   insert into STUDENT  values         (22, 'Даниленко Максим Васильевич',   '08.03.1995')
   insert into STUDENT  values         (22, 'Зизюк Ольга Олеговна',          '12.09.1995')
  insert into STUDENT  values          (23, 'Шарапо Мария Владимировна',     '08.10.1994')
   insert into STUDENT  values         (23, 'Касперович Вадим Викторович',   '10.02.1994')
    insert into STUDENT  values        (23, 'Чупрыгин Арсений Александрович','11.11.1994')
     insert into STUDENT  values       (23, 'Воеводская Ольга Леонидовна',   '10.02.1994')
    insert into STUDENT  values        (23, 'Метушевский Денис Игоревич',    '12.01.1994')
    insert into STUDENT  values        (24, 'Ловецкая Валерия Александровна','11.09.1993')
    insert into STUDENT  values        (24, 'Дворак Антонина Николаевна',    '01.12.1993')
    insert into STUDENT  values        (24, 'Щука Татьяна Николаевна',       '09.06.1993')
   insert into STUDENT  values         (24, 'Коблинец Александра Евгеньевна','05.01.1993')
   insert into STUDENT  values         (24, 'Фомичевская Елена Эрнестовна',  '01.07.1993')
   insert into STUDENT  values         (25, 'Бесараб Маргарита Вадимовна',   '07.04.1992')
   insert into STUDENT  values         (25, 'Бадуро Виктория Сергеевна',     '10.12.1992')
   insert into STUDENT  values         (25, 'Тарасенко Ольга Викторовна',    '05.05.1992')
  insert into STUDENT  values          (25, 'Афанасенко Ольга Владимировна', '11.01.1992')
    insert into STUDENT  values        (25, 'Чуйкевич Ирина Дмитриевна',     '04.06.1992')
    insert into STUDENT  values        (26, 'Брель Алеся Алексеевна',        '08.01.1994')
   insert into STUDENT  values         (26, 'Кузнецова Анастасия Андреевна', '07.02.1994')
    insert into STUDENT  values        (26, 'Томина Карина Геннадьевна',     '12.06.1994')
    insert into STUDENT  values        (26, 'Дуброва Павел Игоревич',        '03.07.1994')
      insert into STUDENT  values      (26, 'Шпаков Виктор Андреевич',       '04.07.1994')
     insert into STUDENT  values       (27, 'Шнейдер Анастасия Дмитриевна',  '08.11.1993')
   insert into STUDENT  values         (27, 'Шыгина Елена Викторовна',       '02.04.1993')
   insert into STUDENT  values         (27, 'Клюева Анна Ивановна',          '03.06.1993')
   insert into STUDENT  values         (27, 'Доморад Марина Андреевна',      '05.11.1993')
   insert into STUDENT  values         (27, 'Линчук Михаил Александрович',   '03.07.1993')
    insert into STUDENT  values        (28, 'Васильева Дарья Олеговна',      '08.01.1995')
    insert into STUDENT  values        (28, 'Щигельская Екатерина Андреевна','06.09.1995')
    insert into STUDENT  values        (28, 'Сазонова Екатерина Дмитриевна', '08.03.1995')
    insert into STUDENT  values        (28, 'Бакунович Алина Олеговна',      '07.08.1995')

------Создание и заполнение таблицы PROGRESS
create table PROGRESS
 (  SUBJECT   char(10) constraint PROGRESS_SUBJECT_FK foreign key
                      references SUBJECT(SUBJECT),                
     IDSTUDENT integer  constraint PROGRESS_IDSTUDENT_FK foreign key         
                      references STUDENT(IDSTUDENT),        
     PDATE    date, 
     NOTE     integer check (NOTE between 1 and 10)
  )

insert into PROGRESS values ('ОАиП', 1000,  '01.10.2013',6),
           ('ОАиП', 1001,  '01.10.2013',8),
           ('ОАиП', 1002,  '01.10.2013',7),
           ('ОАиП', 1003,  '01.10.2013',5),
           ('ОАиП', 1005,  '01.10.2013',4),
			('СУБД', 1014,  '01.12.2013',5),
           ('СУБД', 1015,  '01.12.2013',9),
           ('СУБД', 1016,  '01.12.2013',5),
           ('СУБД', 1017,  '01.12.2013',4),
			('КГ',   1018,  '06.5.2013',4),
           ('КГ',   1019,  '06.05.2013',7),
           ('КГ',   1020,  '06.05.2013',7),
           ('КГ',   1021,  '06.05.2013',9),
           ('КГ',   1022,  '06.05.2013',5),
           ('КГ',   1023,  '06.05.2013',6)

